file,line,type,commit,author,date,time,timezone,datetime,depth,length
styles.css,1,css,e45b4d62,Gabriel Tedja,2025-10-17,16:25:28,-07:00,2025-10-17T16:25:28-07:00,0,4
styles.css,2,css,e45b4d62,Gabriel Tedja,2025-10-17,16:25:28,-07:00,2025-10-17T16:25:28-07:00,1,23
styles.css,3,css,f9eead09,Gabriel Tedja,2025-10-17,16:54:22,-07:00,2025-10-17T16:54:22-07:00,1,17
styles.css,4,css,e45b4d62,Gabriel Tedja,2025-10-17,16:25:28,-07:00,2025-10-17T16:25:28-07:00,0,0
styles.css,5,css,e45b4d62,Gabriel Tedja,2025-10-17,16:25:28,-07:00,2025-10-17T16:25:28-07:00,0,0
styles.css,6,css,d3e00d74,Gabriel Tedja,2025-09-28,16:41:55,-07:00,2025-09-28T16:41:55-07:00,0,4
styles.css,7,css,d3e00d74,Gabriel Tedja,2025-09-28,16:41:55,-07:00,2025-09-28T16:41:55-07:00,1,43
styles.css,8,css,d3e00d74,Gabriel Tedja,2025-09-28,16:41:55,-07:00,2025-09-28T16:41:55-07:00,0,42
styles.css,9,css,d3e00d74,Gabriel Tedja,2025-09-28,16:41:55,-07:00,2025-09-28T16:41:55-07:00,0,0
styles.css,10,css,d3e00d74,Gabriel Tedja,2025-09-28,16:41:55,-07:00,2025-09-28T16:41:55-07:00,1,23
styles.css,11,css,08d687e4,Gabriel Tedja,2025-10-07,19:36:20,-07:00,2025-10-07T19:36:20-07:00,1,15
styles.css,12,css,c07b825d,Gabriel Tedja,2025-10-09,18:30:26,-07:00,2025-10-09T18:30:26-07:00,1,18
styles.css,13,css,c07b825d,Gabriel Tedja,2025-10-09,18:30:26,-07:00,2025-10-09T18:30:26-07:00,1,43
styles.css,14,css,7cd42ab3,Gabriel Tedja,2025-10-08,18:59:08,-07:00,2025-10-08T18:59:08-07:00,0,0
styles.css,15,css,7cd42ab3,Gabriel Tedja,2025-10-08,18:59:08,-07:00,2025-10-08T18:59:08-07:00,0,0
styles.css,16,css,7cd42ab3,Gabriel Tedja,2025-10-08,18:59:08,-07:00,2025-10-08T18:59:08-07:00,0,3
styles.css,17,css,7cd42ab3,Gabriel Tedja,2025-10-08,18:59:08,-07:00,2025-10-08T18:59:08-07:00,1,11
styles.css,18,css,7cd42ab3,Gabriel Tedja,2025-10-08,18:59:08,-07:00,2025-10-08T18:59:08-07:00,1,17
styles.css,19,css,7cd42ab3,Gabriel Tedja,2025-10-08,18:59:08,-07:00,2025-10-08T18:59:08-07:00,1,17
styles.css,20,css,7cd42ab3,Gabriel Tedja,2025-10-08,18:59:08,-07:00,2025-10-08T18:59:08-07:00,1,22
styles.css,21,css,7cd42ab3,Gabriel Tedja,2025-10-08,18:59:08,-07:00,2025-10-08T18:59:08-07:00,1,24
styles.css,22,css,e45b4d62,Gabriel Tedja,2025-10-17,16:25:28,-07:00,2025-10-17T16:25:28-07:00,1,36
styles.css,23,css,e45b4d62,Gabriel Tedja,2025-10-17,16:25:28,-07:00,2025-10-17T16:25:28-07:00,1,39
styles.css,24,css,e45b4d62,Gabriel Tedja,2025-10-17,16:25:28,-07:00,2025-10-17T16:25:28-07:00,0,0
styles.css,25,css,7cd42ab3,Gabriel Tedja,2025-10-08,18:59:08,-07:00,2025-10-08T18:59:08-07:00,0,0
styles.css,26,css,7cd42ab3,Gabriel Tedja,2025-10-08,18:59:08,-07:00,2025-10-08T18:59:08-07:00,0,0
styles.css,27,css,36fd127c,Gabriel Tedja,2025-10-10,10:43:43,-07:00,2025-10-10T10:43:43-07:00,0,2
styles.css,28,css,36fd127c,Gabriel Tedja,2025-10-10,10:43:43,-07:00,2025-10-10T10:43:43-07:00,1,13
styles.css,29,css,36fd127c,Gabriel Tedja,2025-10-10,10:43:43,-07:00,2025-10-10T10:43:43-07:00,0,0
styles.css,30,css,c07b825d,Gabriel Tedja,2025-10-09,18:30:26,-07:00,2025-10-09T18:30:26-07:00,0,0
styles.css,31,css,c07b825d,Gabriel Tedja,2025-10-09,18:30:26,-07:00,2025-10-09T18:30:26-07:00,0,4
styles.css,32,css,7cd42ab3,Gabriel Tedja,2025-10-08,18:59:08,-07:00,2025-10-08T18:59:08-07:00,1,5
styles.css,33,css,7cd42ab3,Gabriel Tedja,2025-10-08,18:59:08,-07:00,2025-10-08T18:59:08-07:00,1,20
styles.css,34,css,7cd42ab3,Gabriel Tedja,2025-10-08,18:59:08,-07:00,2025-10-08T18:59:08-07:00,1,13
styles.css,35,css,7cd42ab3,Gabriel Tedja,2025-10-08,18:59:08,-07:00,2025-10-08T18:59:08-07:00,1,17
styles.css,36,css,c07b825d,Gabriel Tedja,2025-10-09,18:30:26,-07:00,2025-10-09T18:30:26-07:00,1,13
styles.css,37,css,c07b825d,Gabriel Tedja,2025-10-09,18:30:26,-07:00,2025-10-09T18:30:26-07:00,1,0
styles.css,38,css,7cd42ab3,Gabriel Tedja,2025-10-08,18:59:08,-07:00,2025-10-08T18:59:08-07:00,0,0
styles.css,39,css,7cd42ab3,Gabriel Tedja,2025-10-08,18:59:08,-07:00,2025-10-08T18:59:08-07:00,0,0
styles.css,40,css,c07b825d,Gabriel Tedja,2025-10-09,18:30:26,-07:00,2025-10-09T18:30:26-07:00,0,13
styles.css,41,css,c07b825d,Gabriel Tedja,2025-10-09,18:30:26,-07:00,2025-10-09T18:30:26-07:00,1,15
styles.css,42,css,7cd42ab3,Gabriel Tedja,2025-10-08,18:59:08,-07:00,2025-10-08T18:59:08-07:00,1,24
styles.css,43,css,7cd42ab3,Gabriel Tedja,2025-10-08,18:59:08,-07:00,2025-10-08T18:59:08-07:00,1,24
styles.css,44,css,e45b4d62,Gabriel Tedja,2025-10-17,16:25:28,-07:00,2025-10-17T16:25:28-07:00,1,37
styles.css,45,css,c07b825d,Gabriel Tedja,2025-10-09,18:30:26,-07:00,2025-10-09T18:30:26-07:00,1,18
styles.css,46,css,c07b825d,Gabriel Tedja,2025-10-09,18:30:26,-07:00,2025-10-09T18:30:26-07:00,0,0
styles.css,47,css,c07b825d,Gabriel Tedja,2025-10-09,18:30:26,-07:00,2025-10-09T18:30:26-07:00,0,0
styles.css,48,css,c07b825d,Gabriel Tedja,2025-10-09,18:30:26,-07:00,2025-10-09T18:30:26-07:00,0,0
styles.css,49,css,c07b825d,Gabriel Tedja,2025-10-09,18:30:26,-07:00,2025-10-09T18:30:26-07:00,0,11
styles.css,50,css,c07b825d,Gabriel Tedja,2025-10-09,18:30:26,-07:00,2025-10-09T18:30:26-07:00,1,56
styles.css,51,css,c07b825d,Gabriel Tedja,2025-10-09,18:30:26,-07:00,2025-10-09T18:30:26-07:00,0,0
styles.css,52,css,c07b825d,Gabriel Tedja,2025-10-09,18:30:26,-07:00,2025-10-09T18:30:26-07:00,0,0
styles.css,53,css,36fd127c,Gabriel Tedja,2025-10-10,10:43:43,-07:00,2025-10-10T10:43:43-07:00,0,4
styles.css,54,css,36fd127c,Gabriel Tedja,2025-10-10,10:43:43,-07:00,2025-10-10T10:43:43-07:00,0,0
styles.css,55,css,36fd127c,Gabriel Tedja,2025-10-10,10:43:43,-07:00,2025-10-10T10:43:43-07:00,1,18
styles.css,56,css,36fd127c,Gabriel Tedja,2025-10-10,10:43:43,-07:00,2025-10-10T10:43:43-07:00,0,0
styles.css,57,css,36fd127c,Gabriel Tedja,2025-10-10,10:43:43,-07:00,2025-10-10T10:43:43-07:00,0,0
styles.css,58,css,36fd127c,Gabriel Tedja,2025-10-10,10:43:43,-07:00,2025-10-10T10:43:43-07:00,0,35
styles.css,59,css,36fd127c,Gabriel Tedja,2025-10-10,10:43:43,-07:00,2025-10-10T10:43:43-07:00,1,12
styles.css,60,css,36fd127c,Gabriel Tedja,2025-10-10,10:43:43,-07:00,2025-10-10T10:43:43-07:00,1,11
styles.css,61,css,36fd127c,Gabriel Tedja,2025-10-10,10:43:43,-07:00,2025-10-10T10:43:43-07:00,1,10
styles.css,62,css,36fd127c,Gabriel Tedja,2025-10-10,10:43:43,-07:00,2025-10-10T10:43:43-07:00,1,21
styles.css,63,css,36fd127c,Gabriel Tedja,2025-10-10,10:43:43,-07:00,2025-10-10T10:43:43-07:00,0,0
styles.css,64,css,36fd127c,Gabriel Tedja,2025-10-10,10:43:43,-07:00,2025-10-10T10:43:43-07:00,0,0
styles.css,65,css,36fd127c,Gabriel Tedja,2025-10-10,10:43:43,-07:00,2025-10-10T10:43:43-07:00,0,8
styles.css,66,css,36fd127c,Gabriel Tedja,2025-10-10,10:43:43,-07:00,2025-10-10T10:43:43-07:00,1,11
styles.css,67,css,36fd127c,Gabriel Tedja,2025-10-10,10:43:43,-07:00,2025-10-10T10:43:43-07:00,1,30
styles.css,68,css,36fd127c,Gabriel Tedja,2025-10-10,10:43:43,-07:00,2025-10-10T10:43:43-07:00,1,6
styles.css,69,css,36fd127c,Gabriel Tedja,2025-10-10,10:43:43,-07:00,2025-10-10T10:43:43-07:00,0,0
styles.css,70,css,36fd127c,Gabriel Tedja,2025-10-10,10:43:43,-07:00,2025-10-10T10:43:43-07:00,0,0
styles.css,71,css,36fd127c,Gabriel Tedja,2025-10-10,10:43:43,-07:00,2025-10-10T10:43:43-07:00,0,13
styles.css,72,css,36fd127c,Gabriel Tedja,2025-10-10,10:43:43,-07:00,2025-10-10T10:43:43-07:00,1,11
styles.css,73,css,36fd127c,Gabriel Tedja,2025-10-10,10:43:43,-07:00,2025-10-10T10:43:43-07:00,1,30
styles.css,74,css,36fd127c,Gabriel Tedja,2025-10-10,10:43:43,-07:00,2025-10-10T10:43:43-07:00,1,12
styles.css,75,css,36fd127c,Gabriel Tedja,2025-10-10,10:43:43,-07:00,2025-10-10T10:43:43-07:00,1,17
styles.css,76,css,36fd127c,Gabriel Tedja,2025-10-10,10:43:43,-07:00,2025-10-10T10:43:43-07:00,0,0
styles.css,77,css,36fd127c,Gabriel Tedja,2025-10-10,10:43:43,-07:00,2025-10-10T10:43:43-07:00,0,0
styles.css,78,css,36fd127c,Gabriel Tedja,2025-10-10,10:43:43,-07:00,2025-10-10T10:43:43-07:00,0,18
styles.css,79,css,36fd127c,Gabriel Tedja,2025-10-10,10:43:43,-07:00,2025-10-10T10:43:43-07:00,1,11
styles.css,80,css,36fd127c,Gabriel Tedja,2025-10-10,10:43:43,-07:00,2025-10-10T10:43:43-07:00,1,29
styles.css,81,css,36fd127c,Gabriel Tedja,2025-10-10,10:43:43,-07:00,2025-10-10T10:43:43-07:00,1,18
styles.css,82,css,36fd127c,Gabriel Tedja,2025-10-10,10:43:43,-07:00,2025-10-10T10:43:43-07:00,0,0
styles.css,83,css,36fd127c,Gabriel Tedja,2025-10-10,10:43:43,-07:00,2025-10-10T10:43:43-07:00,0,0
styles.css,84,css,36fd127c,Gabriel Tedja,2025-10-10,10:43:43,-07:00,2025-10-10T10:43:43-07:00,0,0
styles.css,85,css,36fd127c,Gabriel Tedja,2025-10-10,10:43:43,-07:00,2025-10-10T10:43:43-07:00,0,0
styles.css,86,css,36fd127c,Gabriel Tedja,2025-10-10,10:43:43,-07:00,2025-10-10T10:43:43-07:00,0,9
styles.css,87,css,36fd127c,Gabriel Tedja,2025-10-10,10:43:43,-07:00,2025-10-10T10:43:43-07:00,1,11
styles.css,88,css,36fd127c,Gabriel Tedja,2025-10-10,10:43:43,-07:00,2025-10-10T10:43:43-07:00,1,58
styles.css,89,css,36fd127c,Gabriel Tedja,2025-10-10,10:43:43,-07:00,2025-10-10T10:43:43-07:00,1,7
styles.css,90,css,36fd127c,Gabriel Tedja,2025-10-10,10:43:43,-07:00,2025-10-10T10:43:43-07:00,0,0
styles.css,91,css,36fd127c,Gabriel Tedja,2025-10-10,10:43:43,-07:00,2025-10-10T10:43:43-07:00,0,0
styles.css,92,css,36fd127c,Gabriel Tedja,2025-10-10,10:43:43,-07:00,2025-10-10T10:43:43-07:00,0,17
styles.css,93,css,36fd127c,Gabriel Tedja,2025-10-10,10:43:43,-07:00,2025-10-10T10:43:43-07:00,1,25
styles.css,94,css,36fd127c,Gabriel Tedja,2025-10-10,10:43:43,-07:00,2025-10-10T10:43:43-07:00,1,15
styles.css,95,css,36fd127c,Gabriel Tedja,2025-10-10,10:43:43,-07:00,2025-10-10T10:43:43-07:00,1,8
styles.css,96,css,36fd127c,Gabriel Tedja,2025-10-10,10:43:43,-07:00,2025-10-10T10:43:43-07:00,1,0
styles.css,97,css,36fd127c,Gabriel Tedja,2025-10-10,10:43:43,-07:00,2025-10-10T10:43:43-07:00,0,0
styles.css,98,css,36fd127c,Gabriel Tedja,2025-10-10,10:43:43,-07:00,2025-10-10T10:43:43-07:00,0,0
styles.css,99,css,36fd127c,Gabriel Tedja,2025-10-10,10:43:43,-07:00,2025-10-10T10:43:43-07:00,0,20
styles.css,100,css,36fd127c,Gabriel Tedja,2025-10-10,10:43:43,-07:00,2025-10-10T10:43:43-07:00,1,8
styles.css,101,css,36fd127c,Gabriel Tedja,2025-10-10,10:43:43,-07:00,2025-10-10T10:43:43-07:00,0,0
styles.css,102,css,36fd127c,Gabriel Tedja,2025-10-10,10:43:43,-07:00,2025-10-10T10:43:43-07:00,0,0
styles.css,103,css,36fd127c,Gabriel Tedja,2025-10-10,10:43:43,-07:00,2025-10-10T10:43:43-07:00,0,7
styles.css,104,css,36fd127c,Gabriel Tedja,2025-10-10,10:43:43,-07:00,2025-10-10T10:43:43-07:00,1,11
styles.css,105,css,36fd127c,Gabriel Tedja,2025-10-10,10:43:43,-07:00,2025-10-10T10:43:43-07:00,1,58
styles.css,106,css,36fd127c,Gabriel Tedja,2025-10-10,10:43:43,-07:00,2025-10-10T10:43:43-07:00,1,7
styles.css,107,css,36fd127c,Gabriel Tedja,2025-10-10,10:43:43,-07:00,2025-10-10T10:43:43-07:00,0,0
styles.css,108,css,36fd127c,Gabriel Tedja,2025-10-10,10:43:43,-07:00,2025-10-10T10:43:43-07:00,0,0
styles.css,109,css,36fd127c,Gabriel Tedja,2025-10-10,10:43:43,-07:00,2025-10-10T10:43:43-07:00,0,17
styles.css,110,css,36fd127c,Gabriel Tedja,2025-10-10,10:43:43,-07:00,2025-10-10T10:43:43-07:00,1,25
styles.css,111,css,36fd127c,Gabriel Tedja,2025-10-10,10:43:43,-07:00,2025-10-10T10:43:43-07:00,1,15
styles.css,112,css,36fd127c,Gabriel Tedja,2025-10-10,10:43:43,-07:00,2025-10-10T10:43:43-07:00,1,8
styles.css,113,css,36fd127c,Gabriel Tedja,2025-10-10,10:43:43,-07:00,2025-10-10T10:43:43-07:00,1,0
styles.css,114,css,36fd127c,Gabriel Tedja,2025-10-10,10:43:43,-07:00,2025-10-10T10:43:43-07:00,0,0
styles.css,115,css,e45b4d62,Gabriel Tedja,2025-10-17,16:25:28,-07:00,2025-10-17T16:25:28-07:00,0,0
styles.css,116,css,e45b4d62,Gabriel Tedja,2025-10-17,16:25:28,-07:00,2025-10-17T16:25:28-07:00,0,13
styles.css,117,css,e45b4d62,Gabriel Tedja,2025-10-17,16:25:28,-07:00,2025-10-17T16:25:28-07:00,1,17
styles.css,118,css,e45b4d62,Gabriel Tedja,2025-10-17,16:25:28,-07:00,2025-10-17T16:25:28-07:00,1,8
styles.css,119,css,69835a93,Gabriel Tedja,2025-10-17,17:31:22,-07:00,2025-10-17T17:31:22-07:00,1,9
styles.css,120,css,e45b4d62,Gabriel Tedja,2025-10-17,16:25:28,-07:00,2025-10-17T16:25:28-07:00,1,14
styles.css,121,css,e45b4d62,Gabriel Tedja,2025-10-17,16:25:28,-07:00,2025-10-17T16:25:28-07:00,1,19
styles.css,122,css,69835a93,Gabriel Tedja,2025-10-17,17:31:22,-07:00,2025-10-17T17:31:22-07:00,0,0
styles.css,123,css,1c07e220,Gabriel Tedja,2025-10-31,23:20:03,-07:00,2025-10-31T23:20:03-07:00,0,10
styles.css,124,css,1c07e220,Gabriel Tedja,2025-10-31,23:20:03,-07:00,2025-10-31T23:20:03-07:00,1,12
styles.css,125,css,1c07e220,Gabriel Tedja,2025-10-31,23:20:03,-07:00,2025-10-31T23:20:03-07:00,1,14
styles.css,126,css,1c07e220,Gabriel Tedja,2025-10-31,23:20:03,-07:00,2025-10-31T23:20:03-07:00,1,29
styles.css,127,css,1c07e220,Gabriel Tedja,2025-10-31,23:20:03,-07:00,2025-10-31T23:20:03-07:00,1,15
styles.css,128,css,1c07e220,Gabriel Tedja,2025-10-31,23:20:03,-07:00,2025-10-31T23:20:03-07:00,1,10
styles.css,129,css,1c07e220,Gabriel Tedja,2025-10-31,23:20:03,-07:00,2025-10-31T23:20:03-07:00,1,22
styles.css,130,css,1c07e220,Gabriel Tedja,2025-10-31,23:20:03,-07:00,2025-10-31T23:20:03-07:00,0,0
styles.css,131,css,1c07e220,Gabriel Tedja,2025-10-31,23:20:03,-07:00,2025-10-31T23:20:03-07:00,0,0
styles.css,132,css,1c07e220,Gabriel Tedja,2025-10-31,23:20:03,-07:00,2025-10-31T23:20:03-07:00,0,18
styles.css,133,css,1c07e220,Gabriel Tedja,2025-10-31,23:20:03,-07:00,2025-10-31T23:20:03-07:00,1,14
styles.css,134,css,1c07e220,Gabriel Tedja,2025-10-31,23:20:03,-07:00,2025-10-31T23:20:03-07:00,1,16
styles.css,135,css,1c07e220,Gabriel Tedja,2025-10-31,23:20:03,-07:00,2025-10-31T23:20:03-07:00,0,0
styles.css,136,css,1c07e220,Gabriel Tedja,2025-10-31,23:20:03,-07:00,2025-10-31T23:20:03-07:00,1,16
styles.css,137,css,1c07e220,Gabriel Tedja,2025-10-31,23:20:03,-07:00,2025-10-31T23:20:03-07:00,0,0
styles.css,138,css,1c07e220,Gabriel Tedja,2025-10-31,23:20:03,-07:00,2025-10-31T23:20:03-07:00,0,0
styles.css,139,css,1c07e220,Gabriel Tedja,2025-10-31,23:20:03,-07:00,2025-10-31T23:20:03-07:00,0,7
styles.css,140,css,1c07e220,Gabriel Tedja,2025-10-31,23:20:03,-07:00,2025-10-31T23:20:03-07:00,1,6
styles.css,141,css,1c07e220,Gabriel Tedja,2025-10-31,23:20:03,-07:00,2025-10-31T23:20:03-07:00,1,14
styles.css,142,css,1c07e220,Gabriel Tedja,2025-10-31,23:20:03,-07:00,2025-10-31T23:20:03-07:00,1,12
styles.css,143,css,1c07e220,Gabriel Tedja,2025-10-31,23:20:03,-07:00,2025-10-31T23:20:03-07:00,1,57
styles.css,144,css,1c07e220,Gabriel Tedja,2025-10-31,23:20:03,-07:00,2025-10-31T23:20:03-07:00,1,15
styles.css,145,css,1c07e220,Gabriel Tedja,2025-10-31,23:20:03,-07:00,2025-10-31T23:20:03-07:00,1,15
styles.css,146,css,1c07e220,Gabriel Tedja,2025-10-31,23:20:03,-07:00,2025-10-31T23:20:03-07:00,1,22
styles.css,147,css,1c07e220,Gabriel Tedja,2025-10-31,23:20:03,-07:00,2025-10-31T23:20:03-07:00,1,16
styles.css,148,css,1c07e220,Gabriel Tedja,2025-10-31,23:20:03,-07:00,2025-10-31T23:20:03-07:00,1,17
styles.css,149,css,1c07e220,Gabriel Tedja,2025-10-31,23:20:03,-07:00,2025-10-31T23:20:03-07:00,1,12
styles.css,150,css,1c07e220,Gabriel Tedja,2025-10-31,23:20:03,-07:00,2025-10-31T23:20:03-07:00,0,0
styles.css,151,css,1c07e220,Gabriel Tedja,2025-10-31,23:20:03,-07:00,2025-10-31T23:20:03-07:00,0,0
styles.css,152,css,1c07e220,Gabriel Tedja,2025-10-31,23:20:03,-07:00,2025-10-31T23:20:03-07:00,0,12
styles.css,153,css,1c07e220,Gabriel Tedja,2025-10-31,23:20:03,-07:00,2025-10-31T23:20:03-07:00,1,12
styles.css,154,css,1c07e220,Gabriel Tedja,2025-10-31,23:20:03,-07:00,2025-10-31T23:20:03-07:00,1,18
styles.css,155,css,1c07e220,Gabriel Tedja,2025-10-31,23:20:03,-07:00,2025-10-31T23:20:03-07:00,1,10
styles.css,156,css,1c07e220,Gabriel Tedja,2025-10-31,23:20:03,-07:00,2025-10-31T23:20:03-07:00,1,22
styles.css,157,css,1c07e220,Gabriel Tedja,2025-10-31,23:20:03,-07:00,2025-10-31T23:20:03-07:00,1,16
styles.css,158,css,1c07e220,Gabriel Tedja,2025-10-31,23:20:03,-07:00,2025-10-31T23:20:03-07:00,0,0
styles.css,159,css,1c07e220,Gabriel Tedja,2025-10-31,23:20:03,-07:00,2025-10-31T23:20:03-07:00,0,0
styles.css,160,css,1c07e220,Gabriel Tedja,2025-10-31,23:20:03,-07:00,2025-10-31T23:20:03-07:00,0,7
styles.css,161,css,1c07e220,Gabriel Tedja,2025-10-31,23:20:03,-07:00,2025-10-31T23:20:03-07:00,1,20
styles.css,162,css,1c07e220,Gabriel Tedja,2025-10-31,23:20:03,-07:00,2025-10-31T23:20:03-07:00,1,9
styles.css,163,css,1c07e220,Gabriel Tedja,2025-10-31,23:20:03,-07:00,2025-10-31T23:20:03-07:00,1,10
styles.css,164,css,1c07e220,Gabriel Tedja,2025-10-31,23:20:03,-07:00,2025-10-31T23:20:03-07:00,1,18
styles.css,165,css,1c07e220,Gabriel Tedja,2025-10-31,23:20:03,-07:00,2025-10-31T23:20:03-07:00,1,29
styles.css,166,css,1c07e220,Gabriel Tedja,2025-10-31,23:20:03,-07:00,2025-10-31T23:20:03-07:00,1,17
styles.css,167,css,1c07e220,Gabriel Tedja,2025-10-31,23:20:03,-07:00,2025-10-31T23:20:03-07:00,0,0
styles.css,168,css,1c07e220,Gabriel Tedja,2025-10-31,23:20:03,-07:00,2025-10-31T23:20:03-07:00,0,0
styles.css,169,css,1c07e220,Gabriel Tedja,2025-10-31,23:20:03,-07:00,2025-10-31T23:20:03-07:00,0,17
styles.css,170,css,1c07e220,Gabriel Tedja,2025-10-31,23:20:03,-07:00,2025-10-31T23:20:03-07:00,1,16
styles.css,171,css,1c07e220,Gabriel Tedja,2025-10-31,23:20:03,-07:00,2025-10-31T23:20:03-07:00,2,11
styles.css,172,css,1c07e220,Gabriel Tedja,2025-10-31,23:20:03,-07:00,2025-10-31T23:20:03-07:00,1,0
styles.css,173,css,1c07e220,Gabriel Tedja,2025-10-31,23:20:03,-07:00,2025-10-31T23:20:03-07:00,0,0
styles.css,174,css,1c07e220,Gabriel Tedja,2025-10-31,23:20:03,-07:00,2025-10-31T23:20:03-07:00,0,0
styles.css,175,css,1c07e220,Gabriel Tedja,2025-10-31,23:20:03,-07:00,2025-10-31T23:20:03-07:00,0,4
styles.css,176,css,1c07e220,Gabriel Tedja,2025-10-31,23:20:03,-07:00,2025-10-31T23:20:03-07:00,1,16
styles.css,177,css,1c07e220,Gabriel Tedja,2025-10-31,23:20:03,-07:00,2025-10-31T23:20:03-07:00,1,14
styles.css,178,css,1c07e220,Gabriel Tedja,2025-10-31,23:20:03,-07:00,2025-10-31T23:20:03-07:00,0,0
styles.css,179,css,1c07e220,Gabriel Tedja,2025-10-31,23:20:03,-07:00,2025-10-31T23:20:03-07:00,0,0
styles.css,180,css,1c07e220,Gabriel Tedja,2025-10-31,23:20:03,-07:00,2025-10-31T23:20:03-07:00,0,46
styles.css,181,css,1c07e220,Gabriel Tedja,2025-10-31,23:20:03,-07:00,2025-10-31T23:20:03-07:00,0,0
styles.css,182,css,1c07e220,Gabriel Tedja,2025-10-31,23:20:03,-07:00,2025-10-31T23:20:03-07:00,0,40
styles.css,183,css,1c07e220,Gabriel Tedja,2025-10-31,23:20:03,-07:00,2025-10-31T23:20:03-07:00,0,0
styles.css,184,css,1c07e220,Gabriel Tedja,2025-10-31,23:20:03,-07:00,2025-10-31T23:20:03-07:00,0,9
styles.css,185,css,1c07e220,Gabriel Tedja,2025-10-31,23:20:03,-07:00,2025-10-31T23:20:03-07:00,1,35
styles.css,186,css,69835a93,Gabriel Tedja,2025-10-17,17:31:22,-07:00,2025-10-17T17:31:22-07:00,0,0
styles.css,187,css,1c07e220,Gabriel Tedja,2025-10-31,23:20:03,-07:00,2025-10-31T23:20:03-07:00,1,10
styles.css,188,css,1c07e220,Gabriel Tedja,2025-10-31,23:20:03,-07:00,2025-10-31T23:20:03-07:00,2,17
styles.css,189,css,1c07e220,Gabriel Tedja,2025-10-31,23:20:03,-07:00,2025-10-31T23:20:03-07:00,1,0
styles.css,190,css,1c07e220,Gabriel Tedja,2025-10-31,23:20:03,-07:00,2025-10-31T23:20:03-07:00,0,0
index.js,1,js,8978c6a5,Gabriel Tedja,2025-10-24,21:54:38,-07:00,2025-10-24T21:54:38-07:00,0,71
index.js,2,js,e5c5eb27,Gabriel Tedja,2025-10-24,20:35:38,-07:00,2025-10-24T20:35:38-07:00,0,54
index.js,3,js,e5c5eb27,Gabriel Tedja,2025-10-24,20:35:38,-07:00,2025-10-24T20:35:38-07:00,0,42
index.js,4,js,8978c6a5,Gabriel Tedja,2025-10-24,21:54:38,-07:00,2025-10-24T21:54:38-07:00,0,52
index.js,5,js,8978c6a5,Gabriel Tedja,2025-10-24,21:54:38,-07:00,2025-10-24T21:54:38-07:00,0,62
index.js,6,js,e5c5eb27,Gabriel Tedja,2025-10-24,20:35:38,-07:00,2025-10-24T20:35:38-07:00,0,52
index.js,7,js,e5c5eb27,Gabriel Tedja,2025-10-24,20:35:38,-07:00,2025-10-24T20:35:38-07:00,0,60
index.js,8,js,e5c5eb27,Gabriel Tedja,2025-10-24,20:35:38,-07:00,2025-10-24T20:35:38-07:00,0,0
index.js,9,js,e5c5eb27,Gabriel Tedja,2025-10-24,20:35:38,-07:00,2025-10-24T20:35:38-07:00,0,17
index.js,10,js,e5c5eb27,Gabriel Tedja,2025-10-24,20:35:38,-07:00,2025-10-24T20:35:38-07:00,1,24
index.js,11,js,e5c5eb27,Gabriel Tedja,2025-10-24,20:35:38,-07:00,2025-10-24T20:35:38-07:00,4,2
index.js,12,js,e5c5eb27,Gabriel Tedja,2025-10-24,20:35:38,-07:00,2025-10-24T20:35:38-07:00,5,55
index.js,13,js,e5c5eb27,Gabriel Tedja,2025-10-24,20:35:38,-07:00,2025-10-24T20:35:38-07:00,5,55
index.js,14,js,e5c5eb27,Gabriel Tedja,2025-10-24,20:35:38,-07:00,2025-10-24T20:35:38-07:00,5,49
index.js,15,js,e5c5eb27,Gabriel Tedja,2025-10-24,20:35:38,-07:00,2025-10-24T20:35:38-07:00,5,49
index.js,16,js,e5c5eb27,Gabriel Tedja,2025-10-24,20:35:38,-07:00,2025-10-24T20:35:38-07:00,4,3
index.js,17,js,e5c5eb27,Gabriel Tedja,2025-10-24,20:35:38,-07:00,2025-10-24T20:35:38-07:00,2,0
index.js,18,js,e5c5eb27,Gabriel Tedja,2025-10-24,20:35:38,-07:00,2025-10-24T20:35:38-07:00,0,0
index.html,1,html,57294b24,Gabriel Tedja,2025-09-28,16:35:24,-07:00,2025-09-28T16:35:24-07:00,0,13
index.html,2,html,57294b24,Gabriel Tedja,2025-09-28,16:35:24,-07:00,2025-09-28T16:35:24-07:00,0,14
index.html,3,html,57294b24,Gabriel Tedja,2025-09-28,16:35:24,-07:00,2025-09-28T16:35:24-07:00,0,4
index.html,4,html,57294b24,Gabriel Tedja,2025-09-28,16:35:24,-07:00,2025-09-28T16:35:24-07:00,2,20
index.html,5,html,57294b24,Gabriel Tedja,2025-09-28,16:35:24,-07:00,2025-09-28T16:35:24-07:00,2,68
index.html,6,html,57294b24,Gabriel Tedja,2025-09-28,16:35:24,-07:00,2025-09-28T16:35:24-07:00,2,55
index.html,7,html,7800fbc3,Gabriel Tedja,2025-10-03,08:54:48,-07:00,2025-10-03T08:54:48-07:00,2,39
index.html,8,html,8978c6a5,Gabriel Tedja,2025-10-24,21:54:38,-07:00,2025-10-24T21:54:38-07:00,2,0
index.html,9,html,57294b24,Gabriel Tedja,2025-09-28,16:35:24,-07:00,2025-09-28T16:35:24-07:00,0,5
index.html,10,html,57294b24,Gabriel Tedja,2025-09-28,16:35:24,-07:00,2025-09-28T16:35:24-07:00,0,4
index.html,11,html,379fd100,Gabriel Tedja,2025-10-16,22:06:15,-07:00,2025-10-16T22:06:15-07:00,0,0
index.html,12,html,57294b24,Gabriel Tedja,2025-09-28,16:35:24,-07:00,2025-09-28T16:35:24-07:00,2,20
index.html,13,html,57294b24,Gabriel Tedja,2025-09-28,16:35:24,-07:00,2025-09-28T16:35:24-07:00,2,78
index.html,14,html,d3e00d74,Gabriel Tedja,2025-09-28,16:41:55,-07:00,2025-09-28T16:41:55-07:00,4,16
index.html,15,html,d3e00d74,Gabriel Tedja,2025-09-28,16:41:55,-07:00,2025-09-28T16:41:55-07:00,0,0
index.html,16,html,d3e00d74,Gabriel Tedja,2025-09-28,16:41:55,-07:00,2025-09-28T16:41:55-07:00,2,61
index.html,17,html,d3e00d74,Gabriel Tedja,2025-09-28,16:41:55,-07:00,2025-09-28T16:41:55-07:00,2,31
index.html,18,html,e5c5eb27,Gabriel Tedja,2025-10-24,20:35:38,-07:00,2025-10-24T20:35:38-07:00,0,0
index.html,19,html,e5c5eb27,Gabriel Tedja,2025-10-24,20:35:38,-07:00,2025-10-24T20:35:38-07:00,2,22
index.html,20,html,e5c5eb27,Gabriel Tedja,2025-10-24,20:35:38,-07:00,2025-10-24T20:35:38-07:00,0,20
index.html,21,html,e5c5eb27,Gabriel Tedja,2025-10-24,20:35:38,-07:00,2025-10-24T20:35:38-07:00,1,49
index.html,22,html,e5c5eb27,Gabriel Tedja,2025-10-24,20:35:38,-07:00,2025-10-24T20:35:38-07:00,0,4
index.html,23,html,e5c5eb27,Gabriel Tedja,2025-10-24,20:35:38,-07:00,2025-10-24T20:35:38-07:00,0,0
index.html,24,html,e5c5eb27,Gabriel Tedja,2025-10-24,20:35:38,-07:00,2025-10-24T20:35:38-07:00,0,22
index.html,25,html,e5c5eb27,Gabriel Tedja,2025-10-24,20:35:38,-07:00,2025-10-24T20:35:38-07:00,0,0
index.html,26,html,e5c5eb27,Gabriel Tedja,2025-10-24,20:35:38,-07:00,2025-10-24T20:35:38-07:00,0,0
index.html,27,html,8978c6a5,Gabriel Tedja,2025-10-24,21:54:38,-07:00,2025-10-24T21:54:38-07:00,0,0
index.html,28,html,e5c5eb27,Gabriel Tedja,2025-10-24,20:35:38,-07:00,2025-10-24T20:35:38-07:00,0,4
index.html,29,html,8978c6a5,Gabriel Tedja,2025-10-24,21:54:38,-07:00,2025-10-24T21:54:38-07:00,0,45
index.html,30,html,8978c6a5,Gabriel Tedja,2025-10-24,21:54:38,-07:00,2025-10-24T21:54:38-07:00,0,50
index.html,31,html,e5c5eb27,Gabriel Tedja,2025-10-24,20:35:38,-07:00,2025-10-24T20:35:38-07:00,0,0
index.html,32,html,57294b24,Gabriel Tedja,2025-09-28,16:35:24,-07:00,2025-09-28T16:35:24-07:00,0,5
index.html,33,html,57294b24,Gabriel Tedja,2025-09-28,16:35:24,-07:00,2025-09-28T16:35:24-07:00,0,5
global.js,1,js,10268645,Gabriel Tedja,2025-10-16,21:54:50,-07:00,2025-10-16T21:54:50-07:00,0,25
global.js,2,js,10268645,Gabriel Tedja,2025-10-16,21:54:50,-07:00,2025-10-16T21:54:50-07:00,0,0
global.js,3,js,10268645,Gabriel Tedja,2025-10-16,21:54:50,-07:00,2025-10-16T21:54:50-07:00,0,41
global.js,4,js,10268645,Gabriel Tedja,2025-10-16,21:54:50,-07:00,2025-10-16T21:54:50-07:00,1,52
global.js,5,js,10268645,Gabriel Tedja,2025-10-16,21:54:50,-07:00,2025-10-16T21:54:50-07:00,0,0
global.js,6,js,10268645,Gabriel Tedja,2025-10-16,21:54:50,-07:00,2025-10-16T21:54:50-07:00,0,0
global.js,7,js,379fd100,Gabriel Tedja,2025-10-16,22:06:15,-07:00,2025-10-16T22:06:15-07:00,0,11
global.js,8,js,379fd100,Gabriel Tedja,2025-10-16,22:06:15,-07:00,2025-10-16T22:06:15-07:00,1,48
global.js,9,js,d8ac2461,Gabriel Tedja,2025-10-16,22:34:35,-07:00,2025-10-16T22:34:35-07:00,1,56
global.js,10,js,379fd100,Gabriel Tedja,2025-10-16,22:06:15,-07:00,2025-10-16T22:06:15-07:00,1,54
global.js,11,js,379fd100,Gabriel Tedja,2025-10-16,22:06:15,-07:00,2025-10-16T22:06:15-07:00,1,56
global.js,12,js,379fd100,Gabriel Tedja,2025-10-16,22:06:15,-07:00,2025-10-16T22:06:15-07:00,1,52
global.js,13,js,379fd100,Gabriel Tedja,2025-10-16,22:06:15,-07:00,2025-10-16T22:06:15-07:00,0,0
global.js,14,js,379fd100,Gabriel Tedja,2025-10-16,22:06:15,-07:00,2025-10-16T22:06:15-07:00,0,0
global.js,15,js,379fd100,Gabriel Tedja,2025-10-16,22:06:15,-07:00,2025-10-16T22:06:15-07:00,0,38
global.js,16,js,379fd100,Gabriel Tedja,2025-10-16,22:06:15,-07:00,2025-10-16T22:06:15-07:00,0,25
global.js,17,js,379fd100,Gabriel Tedja,2025-10-16,22:06:15,-07:00,2025-10-16T22:06:15-07:00,0,0
global.js,18,js,379fd100,Gabriel Tedja,2025-10-16,22:06:15,-07:00,2025-10-16T22:06:15-07:00,0,20
global.js,19,js,379fd100,Gabriel Tedja,2025-10-16,22:06:15,-07:00,2025-10-16T22:06:15-07:00,1,14
global.js,20,js,379fd100,Gabriel Tedja,2025-10-16,22:06:15,-07:00,2025-10-16T22:06:15-07:00,1,18
global.js,21,js,0ef41c61,Gabriel Tedja,2025-10-16,22:14:11,-07:00,2025-10-16T22:14:11-07:00,1,34
global.js,22,js,0ef41c61,Gabriel Tedja,2025-10-16,22:14:11,-07:00,2025-10-16T22:14:11-07:00,2,11
global.js,23,js,0ef41c61,Gabriel Tedja,2025-10-16,22:14:11,-07:00,2025-10-16T22:14:11-07:00,2,20
global.js,24,js,e3a5be34,Gabriel Tedja,2025-10-16,22:27:54,-07:00,2025-10-16T22:27:54-07:00,2,0
global.js,25,js,0148de54,Gabriel Tedja,2025-10-16,22:21:57,-07:00,2025-10-16T22:21:57-07:00,0,0
global.js,26,js,0148de54,Gabriel Tedja,2025-10-16,22:21:57,-07:00,2025-10-16T22:21:57-07:00,2,48
global.js,27,js,0148de54,Gabriel Tedja,2025-10-16,22:21:57,-07:00,2025-10-16T22:21:57-07:00,0,0
global.js,28,js,0ef41c61,Gabriel Tedja,2025-10-16,22:14:11,-07:00,2025-10-16T22:14:11-07:00,2,65
global.js,29,js,0ef41c61,Gabriel Tedja,2025-10-16,22:14:11,-07:00,2025-10-16T22:14:11-07:00,4,25
global.js,30,js,0ef41c61,Gabriel Tedja,2025-10-16,22:14:11,-07:00,2025-10-16T22:14:11-07:00,2,0
global.js,31,js,e3a5be34,Gabriel Tedja,2025-10-16,22:27:54,-07:00,2025-10-16T22:27:54-07:00,2,12
global.js,32,js,379fd100,Gabriel Tedja,2025-10-16,22:06:15,-07:00,2025-10-16T22:06:15-07:00,0,0
global.js,33,js,379fd100,Gabriel Tedja,2025-10-16,22:06:15,-07:00,2025-10-16T22:06:15-07:00,0,0
global.js,34,js,307ea30a,Gabriel Tedja,2025-10-16,22:32:47,-07:00,2025-10-16T22:32:47-07:00,0,25
global.js,35,js,307ea30a,Gabriel Tedja,2025-10-16,22:32:47,-07:00,2025-10-16T22:32:47-07:00,0,0
global.js,36,js,307ea30a,Gabriel Tedja,2025-10-16,22:32:47,-07:00,2025-10-16T22:32:47-07:00,0,0
global.js,37,js,307ea30a,Gabriel Tedja,2025-10-16,22:32:47,-07:00,2025-10-16T22:32:47-07:00,0,30
global.js,38,js,307ea30a,Gabriel Tedja,2025-10-16,22:32:47,-07:00,2025-10-16T22:32:47-07:00,0,66
global.js,39,js,307ea30a,Gabriel Tedja,2025-10-16,22:32:47,-07:00,2025-10-16T22:32:47-07:00,0,0
global.js,40,js,307ea30a,Gabriel Tedja,2025-10-16,22:32:47,-07:00,2025-10-16T22:32:47-07:00,0,0
global.js,41,js,307ea30a,Gabriel Tedja,2025-10-16,22:32:47,-07:00,2025-10-16T22:32:47-07:00,0,0
global.js,42,js,307ea30a,Gabriel Tedja,2025-10-16,22:32:47,-07:00,2025-10-16T22:32:47-07:00,0,16
global.js,43,js,307ea30a,Gabriel Tedja,2025-10-16,22:32:47,-07:00,2025-10-16T22:32:47-07:00,0,34
global.js,44,js,307ea30a,Gabriel Tedja,2025-10-16,22:32:47,-07:00,2025-10-16T22:32:47-07:00,0,35
global.js,45,js,307ea30a,Gabriel Tedja,2025-10-16,22:32:47,-07:00,2025-10-16T22:32:47-07:00,0,0
global.js,46,js,307ea30a,Gabriel Tedja,2025-10-16,22:32:47,-07:00,2025-10-16T22:32:47-07:00,0,0
global.js,47,js,379fd100,Gabriel Tedja,2025-10-16,22:06:15,-07:00,2025-10-16T22:06:15-07:00,0,0
global.js,48,js,0ef41c61,Gabriel Tedja,2025-10-16,22:14:11,-07:00,2025-10-16T22:14:11-07:00,0,0
global.js,49,js,ccbb2b4f,Gabriel Tedja,2025-10-17,17:41:40,-07:00,2025-10-17T17:41:40-07:00,0,0
global.js,50,js,ccbb2b4f,Gabriel Tedja,2025-10-17,17:41:40,-07:00,2025-10-17T17:41:40-07:00,0,31
global.js,51,js,ccbb2b4f,Gabriel Tedja,2025-10-17,17:41:40,-07:00,2025-10-17T17:41:40-07:00,1,11
global.js,52,js,ccbb2b4f,Gabriel Tedja,2025-10-17,17:41:40,-07:00,2025-10-17T17:41:40-07:00,1,0
global.js,53,js,ccbb2b4f,Gabriel Tedja,2025-10-17,17:41:40,-07:00,2025-10-17T17:41:40-07:00,0,26
global.js,54,js,ccbb2b4f,Gabriel Tedja,2025-10-17,17:41:40,-07:00,2025-10-17T17:41:40-07:00,0,4
global.js,55,js,ccbb2b4f,Gabriel Tedja,2025-10-17,17:41:40,-07:00,2025-10-17T17:41:40-07:00,0,6
global.js,56,js,ccbb2b4f,Gabriel Tedja,2025-10-17,17:41:40,-07:00,2025-10-17T17:41:40-07:00,0,46
global.js,57,js,ccbb2b4f,Gabriel Tedja,2025-10-17,17:41:40,-07:00,2025-10-17T17:41:40-07:00,6,34
global.js,58,js,ccbb2b4f,Gabriel Tedja,2025-10-17,17:41:40,-07:00,2025-10-17T17:41:40-07:00,6,32
global.js,59,js,ccbb2b4f,Gabriel Tedja,2025-10-17,17:41:40,-07:00,2025-10-17T17:41:40-07:00,0,7
global.js,60,js,ccbb2b4f,Gabriel Tedja,2025-10-17,17:41:40,-07:00,2025-10-17T17:41:40-07:00,0,8
global.js,61,js,ccbb2b4f,Gabriel Tedja,2025-10-17,17:41:40,-07:00,2025-10-17T17:41:40-07:00,0,0
global.js,62,js,ccbb2b4f,Gabriel Tedja,2025-10-17,17:41:40,-07:00,2025-10-17T17:41:40-07:00,0,0
global.js,63,js,ccbb2b4f,Gabriel Tedja,2025-10-17,17:41:40,-07:00,2025-10-17T17:41:40-07:00,0,58
global.js,64,js,ccbb2b4f,Gabriel Tedja,2025-10-17,17:41:40,-07:00,2025-10-17T17:41:40-07:00,0,0
global.js,65,js,ccbb2b4f,Gabriel Tedja,2025-10-17,17:41:40,-07:00,2025-10-17T17:41:40-07:00,0,34
global.js,66,js,ccbb2b4f,Gabriel Tedja,2025-10-17,17:41:40,-07:00,2025-10-17T17:41:40-07:00,2,37
global.js,67,js,ccbb2b4f,Gabriel Tedja,2025-10-17,17:41:40,-07:00,2025-10-17T17:41:40-07:00,2,71
global.js,68,js,ccbb2b4f,Gabriel Tedja,2025-10-17,17:41:40,-07:00,2025-10-17T17:41:40-07:00,0,0
global.js,69,js,ccbb2b4f,Gabriel Tedja,2025-10-17,17:41:40,-07:00,2025-10-17T17:41:40-07:00,0,0
global.js,70,js,ccbb2b4f,Gabriel Tedja,2025-10-17,17:41:40,-07:00,2025-10-17T17:41:40-07:00,0,39
global.js,71,js,ccbb2b4f,Gabriel Tedja,2025-10-17,17:41:40,-07:00,2025-10-17T17:41:40-07:00,1,28
global.js,72,js,ccbb2b4f,Gabriel Tedja,2025-10-17,17:41:40,-07:00,2025-10-17T17:41:40-07:00,1,22
global.js,73,js,ccbb2b4f,Gabriel Tedja,2025-10-17,17:41:40,-07:00,2025-10-17T17:41:40-07:00,2,60
global.js,74,js,ccbb2b4f,Gabriel Tedja,2025-10-17,17:41:40,-07:00,2025-10-17T17:41:40-07:00,1,6
global.js,75,js,ccbb2b4f,Gabriel Tedja,2025-10-17,17:41:40,-07:00,2025-10-17T17:41:40-07:00,2,65
global.js,76,js,ccbb2b4f,Gabriel Tedja,2025-10-17,17:41:40,-07:00,2025-10-17T17:41:40-07:00,1,0
global.js,77,js,ccbb2b4f,Gabriel Tedja,2025-10-17,17:41:40,-07:00,2025-10-17T17:41:40-07:00,1,32
global.js,78,js,ccbb2b4f,Gabriel Tedja,2025-10-17,17:41:40,-07:00,2025-10-17T17:41:40-07:00,0,1
global.js,79,js,ccbb2b4f,Gabriel Tedja,2025-10-17,17:41:40,-07:00,2025-10-17T17:41:40-07:00,0,0
global.js,80,js,27b05075,Gabriel Tedja,2025-10-24,16:01:15,-07:00,2025-10-24T16:01:15-07:00,0,36
global.js,81,js,27b05075,Gabriel Tedja,2025-10-24,16:01:15,-07:00,2025-10-24T16:01:15-07:00,1,3
global.js,82,js,27b05075,Gabriel Tedja,2025-10-24,16:01:15,-07:00,2025-10-24T16:01:15-07:00,2,39
global.js,83,js,27b05075,Gabriel Tedja,2025-10-24,16:01:15,-07:00,2025-10-24T16:01:15-07:00,2,32
global.js,84,js,27b05075,Gabriel Tedja,2025-10-24,16:01:15,-07:00,2025-10-24T16:01:15-07:00,2,17
global.js,85,js,27b05075,Gabriel Tedja,2025-10-24,16:01:15,-07:00,2025-10-24T16:01:15-07:00,4,66
global.js,86,js,27b05075,Gabriel Tedja,2025-10-24,16:01:15,-07:00,2025-10-24T16:01:15-07:00,3,0
global.js,87,js,27b05075,Gabriel Tedja,2025-10-24,16:01:15,-07:00,2025-10-24T16:01:15-07:00,2,0
global.js,88,js,27b05075,Gabriel Tedja,2025-10-24,16:01:15,-07:00,2025-10-24T16:01:15-07:00,2,33
global.js,89,js,27b05075,Gabriel Tedja,2025-10-24,16:01:15,-07:00,2025-10-24T16:01:15-07:00,2,10
global.js,90,js,27b05075,Gabriel Tedja,2025-10-24,16:01:15,-07:00,2025-10-24T16:01:15-07:00,1,15
global.js,91,js,27b05075,Gabriel Tedja,2025-10-24,16:01:15,-07:00,2025-10-24T16:01:15-07:00,2,59
global.js,92,js,27b05075,Gabriel Tedja,2025-10-24,16:01:15,-07:00,2025-10-24T16:01:15-07:00,1,0
global.js,93,js,27b05075,Gabriel Tedja,2025-10-24,16:01:15,-07:00,2025-10-24T16:01:15-07:00,0,0
global.js,94,js,27b05075,Gabriel Tedja,2025-10-24,16:01:15,-07:00,2025-10-24T16:01:15-07:00,0,0
global.js,95,js,27b05075,Gabriel Tedja,2025-10-24,16:01:15,-07:00,2025-10-24T16:01:15-07:00,0,78
global.js,96,js,0c734b2a,Gabriel Tedja,2025-10-24,16:44:27,-07:00,2025-10-24T16:44:27-07:00,0,0
global.js,97,js,b41b5d25,Gabriel Tedja,2025-10-24,16:39:05,-07:00,2025-10-24T16:39:05-07:00,1,0
global.js,98,js,27b05075,Gabriel Tedja,2025-10-24,16:01:15,-07:00,2025-10-24T16:01:15-07:00,1,48
global.js,99,js,27b05075,Gabriel Tedja,2025-10-24,16:01:15,-07:00,2025-10-24T16:01:15-07:00,1,19
global.js,100,js,9a76da44,Gabriel Tedja,2025-10-24,16:29:19,-07:00,2025-10-24T16:29:19-07:00,2,49
global.js,101,js,27b05075,Gabriel Tedja,2025-10-24,16:01:15,-07:00,2025-10-24T16:01:15-07:00,2,49
global.js,102,js,27b05075,Gabriel Tedja,2025-10-24,16:01:15,-07:00,2025-10-24T16:01:15-07:00,2,27
global.js,103,js,27b05075,Gabriel Tedja,2025-10-24,16:01:15,-07:00,2025-10-24T16:01:15-07:00,0,0
global.js,104,js,27b05075,Gabriel Tedja,2025-10-24,16:01:15,-07:00,2025-10-24T16:01:15-07:00,0,36
global.js,105,js,e5c5eb27,Gabriel Tedja,2025-10-24,20:35:38,-07:00,2025-10-24T20:35:38-07:00,0,0
global.js,106,js,e5c5eb27,Gabriel Tedja,2025-10-24,20:35:38,-07:00,2025-10-24T20:35:38-07:00,0,0
global.js,107,js,e5c5eb27,Gabriel Tedja,2025-10-24,20:35:38,-07:00,2025-10-24T20:35:38-07:00,0,47
global.js,108,js,e5c5eb27,Gabriel Tedja,2025-10-24,20:35:38,-07:00,2025-10-24T20:35:38-07:00,1,59
global.js,109,js,e5c5eb27,Gabriel Tedja,2025-10-24,20:35:38,-07:00,2025-10-24T20:35:38-07:00,0,0
resume/index.html,1,html,8195e1e5,Gabriel Tedja,2025-09-28,17:39:51,-07:00,2025-09-28T17:39:51-07:00,0,13
resume/index.html,2,html,8195e1e5,Gabriel Tedja,2025-09-28,17:39:51,-07:00,2025-09-28T17:39:51-07:00,0,14
resume/index.html,3,html,8195e1e5,Gabriel Tedja,2025-09-28,17:39:51,-07:00,2025-09-28T17:39:51-07:00,0,4
resume/index.html,4,html,8195e1e5,Gabriel Tedja,2025-09-28,17:39:51,-07:00,2025-09-28T17:39:51-07:00,2,20
resume/index.html,5,html,8195e1e5,Gabriel Tedja,2025-09-28,17:39:51,-07:00,2025-09-28T17:39:51-07:00,2,68
resume/index.html,6,html,46499bd6,Gabriel Tedja,2025-09-28,18:22:20,-07:00,2025-09-28T18:22:20-07:00,2,19
resume/index.html,7,html,faa7f089,Gabriel Tedja,2025-10-03,08:46:48,-07:00,2025-10-03T08:46:48-07:00,2,42
resume/index.html,8,html,10268645,Gabriel Tedja,2025-10-16,21:54:50,-07:00,2025-10-16T21:54:50-07:00,0,0
resume/index.html,9,html,8195e1e5,Gabriel Tedja,2025-09-28,17:39:51,-07:00,2025-09-28T17:39:51-07:00,0,5
resume/index.html,10,html,8195e1e5,Gabriel Tedja,2025-09-28,17:39:51,-07:00,2025-09-28T17:39:51-07:00,0,4
resume/index.html,11,html,36fd127c,Gabriel Tedja,2025-10-10,10:43:43,-07:00,2025-10-10T10:43:43-07:00,0,18
resume/index.html,12,html,ea89d87f,Gabriel Tedja,2025-09-28,17:56:08,-07:00,2025-09-28T17:56:08-07:00,0,7
resume/index.html,13,html,4eca4770,Gabriel Tedja,2025-09-28,17:53:47,-07:00,2025-09-28T17:53:47-07:00,0,20
resume/index.html,14,html,4eca4770,Gabriel Tedja,2025-09-28,17:53:47,-07:00,2025-09-28T17:53:47-07:00,0,59
resume/index.html,15,html,4eca4770,Gabriel Tedja,2025-09-28,17:53:47,-07:00,2025-09-28T17:53:47-07:00,0,8
resume/index.html,16,html,ea89d87f,Gabriel Tedja,2025-09-28,17:56:08,-07:00,2025-09-28T17:56:08-07:00,0,7
resume/index.html,17,html,ea89d87f,Gabriel Tedja,2025-09-28,17:56:08,-07:00,2025-09-28T17:56:08-07:00,2,16
resume/index.html,18,html,4eca4770,Gabriel Tedja,2025-09-28,17:53:47,-07:00,2025-09-28T17:53:47-07:00,0,19
resume/index.html,19,html,4eca4770,Gabriel Tedja,2025-09-28,17:53:47,-07:00,2025-09-28T17:53:47-07:00,0,17
resume/index.html,20,html,d5ed16a4,Gabriel Tedja,2025-09-28,18:19:15,-07:00,2025-09-28T18:19:15-07:00,0,72
resume/index.html,21,html,d5ed16a4,Gabriel Tedja,2025-09-28,18:19:15,-07:00,2025-09-28T18:19:15-07:00,0,76
resume/index.html,22,html,4eca4770,Gabriel Tedja,2025-09-28,17:53:47,-07:00,2025-09-28T17:53:47-07:00,0,0
resume/index.html,23,html,4eca4770,Gabriel Tedja,2025-09-28,17:53:47,-07:00,2025-09-28T17:53:47-07:00,0,28
resume/index.html,24,html,4eca4770,Gabriel Tedja,2025-09-28,17:53:47,-07:00,2025-09-28T17:53:47-07:00,0,21
resume/index.html,25,html,d5ed16a4,Gabriel Tedja,2025-09-28,18:19:15,-07:00,2025-09-28T18:19:15-07:00,0,69
resume/index.html,26,html,d5ed16a4,Gabriel Tedja,2025-09-28,18:19:15,-07:00,2025-09-28T18:19:15-07:00,0,64
resume/index.html,27,html,4eca4770,Gabriel Tedja,2025-09-28,17:53:47,-07:00,2025-09-28T17:53:47-07:00,0,8
resume/index.html,28,html,d5ed16a4,Gabriel Tedja,2025-09-28,18:19:15,-07:00,2025-09-28T18:19:15-07:00,0,0
resume/index.html,29,html,d5ed16a4,Gabriel Tedja,2025-09-28,18:19:15,-07:00,2025-09-28T18:19:15-07:00,0,7
resume/index.html,30,html,d5ed16a4,Gabriel Tedja,2025-09-28,18:19:15,-07:00,2025-09-28T18:19:15-07:00,2,16
resume/index.html,31,html,d5ed16a4,Gabriel Tedja,2025-09-28,18:19:15,-07:00,2025-09-28T18:19:15-07:00,2,45
resume/index.html,32,html,d5ed16a4,Gabriel Tedja,2025-09-28,18:19:15,-07:00,2025-09-28T18:19:15-07:00,0,8
resume/index.html,33,html,d5ed16a4,Gabriel Tedja,2025-09-28,18:19:15,-07:00,2025-09-28T18:19:15-07:00,0,0
resume/index.html,34,html,ea89d87f,Gabriel Tedja,2025-09-28,17:56:08,-07:00,2025-09-28T17:56:08-07:00,0,7
resume/index.html,35,html,ea89d87f,Gabriel Tedja,2025-09-28,17:56:08,-07:00,2025-09-28T17:56:08-07:00,2,15
resume/index.html,36,html,4eca4770,Gabriel Tedja,2025-09-28,17:53:47,-07:00,2025-09-28T17:53:47-07:00,0,25
resume/index.html,37,html,4eca4770,Gabriel Tedja,2025-09-28,17:53:47,-07:00,2025-09-28T17:53:47-07:00,0,82
resume/index.html,38,html,4eca4770,Gabriel Tedja,2025-09-28,17:53:47,-07:00,2025-09-28T17:53:47-07:00,0,0
resume/index.html,39,html,4eca4770,Gabriel Tedja,2025-09-28,17:53:47,-07:00,2025-09-28T17:53:47-07:00,0,33
resume/index.html,40,html,4eca4770,Gabriel Tedja,2025-09-28,17:53:47,-07:00,2025-09-28T17:53:47-07:00,0,128
resume/index.html,41,html,4eca4770,Gabriel Tedja,2025-09-28,17:53:47,-07:00,2025-09-28T17:53:47-07:00,0,59
resume/index.html,42,html,4eca4770,Gabriel Tedja,2025-09-28,17:53:47,-07:00,2025-09-28T17:53:47-07:00,0,0
resume/index.html,43,html,4eca4770,Gabriel Tedja,2025-09-28,17:53:47,-07:00,2025-09-28T17:53:47-07:00,0,25
resume/index.html,44,html,4eca4770,Gabriel Tedja,2025-09-28,17:53:47,-07:00,2025-09-28T17:53:47-07:00,0,125
resume/index.html,45,html,4eca4770,Gabriel Tedja,2025-09-28,17:53:47,-07:00,2025-09-28T17:53:47-07:00,0,53
resume/index.html,46,html,4eca4770,Gabriel Tedja,2025-09-28,17:53:47,-07:00,2025-09-28T17:53:47-07:00,0,0
resume/index.html,47,html,4eca4770,Gabriel Tedja,2025-09-28,17:53:47,-07:00,2025-09-28T17:53:47-07:00,0,47
resume/index.html,48,html,4eca4770,Gabriel Tedja,2025-09-28,17:53:47,-07:00,2025-09-28T17:53:47-07:00,0,126
resume/index.html,49,html,4eca4770,Gabriel Tedja,2025-09-28,17:53:47,-07:00,2025-09-28T17:53:47-07:00,0,120
resume/index.html,50,html,4eca4770,Gabriel Tedja,2025-09-28,17:53:47,-07:00,2025-09-28T17:53:47-07:00,0,38
resume/index.html,51,html,4eca4770,Gabriel Tedja,2025-09-28,17:53:47,-07:00,2025-09-28T17:53:47-07:00,0,8
resume/index.html,52,html,4eca4770,Gabriel Tedja,2025-09-28,17:53:47,-07:00,2025-09-28T17:53:47-07:00,0,0
resume/index.html,53,html,ea89d87f,Gabriel Tedja,2025-09-28,17:56:08,-07:00,2025-09-28T17:56:08-07:00,0,7
resume/index.html,54,html,ea89d87f,Gabriel Tedja,2025-09-28,17:56:08,-07:00,2025-09-28T17:56:08-07:00,2,17
resume/index.html,55,html,4eca4770,Gabriel Tedja,2025-09-28,17:53:47,-07:00,2025-09-28T17:53:47-07:00,0,90
resume/index.html,56,html,4eca4770,Gabriel Tedja,2025-09-28,17:53:47,-07:00,2025-09-28T17:53:47-07:00,0,14
resume/index.html,57,html,4eca4770,Gabriel Tedja,2025-09-28,17:53:47,-07:00,2025-09-28T17:53:47-07:00,0,8
resume/index.html,58,html,4eca4770,Gabriel Tedja,2025-09-28,17:53:47,-07:00,2025-09-28T17:53:47-07:00,0,0
resume/index.html,59,html,ea89d87f,Gabriel Tedja,2025-09-28,17:56:08,-07:00,2025-09-28T17:56:08-07:00,0,7
resume/index.html,60,html,ea89d87f,Gabriel Tedja,2025-09-28,17:56:08,-07:00,2025-09-28T17:56:08-07:00,2,17
resume/index.html,61,html,4eca4770,Gabriel Tedja,2025-09-28,17:53:47,-07:00,2025-09-28T17:53:47-07:00,0,28
resume/index.html,62,html,4eca4770,Gabriel Tedja,2025-09-28,17:53:47,-07:00,2025-09-28T17:53:47-07:00,0,56
resume/index.html,63,html,4eca4770,Gabriel Tedja,2025-09-28,17:53:47,-07:00,2025-09-28T17:53:47-07:00,0,27
resume/index.html,64,html,4eca4770,Gabriel Tedja,2025-09-28,17:53:47,-07:00,2025-09-28T17:53:47-07:00,0,39
resume/index.html,65,html,4eca4770,Gabriel Tedja,2025-09-28,17:53:47,-07:00,2025-09-28T17:53:47-07:00,0,12
resume/index.html,66,html,4eca4770,Gabriel Tedja,2025-09-28,17:53:47,-07:00,2025-09-28T17:53:47-07:00,0,24
resume/index.html,67,html,4eca4770,Gabriel Tedja,2025-09-28,17:53:47,-07:00,2025-09-28T17:53:47-07:00,0,13
resume/index.html,68,html,4eca4770,Gabriel Tedja,2025-09-28,17:53:47,-07:00,2025-09-28T17:53:47-07:00,0,15
resume/index.html,69,html,4eca4770,Gabriel Tedja,2025-09-28,17:53:47,-07:00,2025-09-28T17:53:47-07:00,0,8
resume/index.html,70,html,36fd127c,Gabriel Tedja,2025-10-10,10:43:43,-07:00,2025-10-10T10:43:43-07:00,0,4
resume/index.html,71,html,7162da24,Gabriel Tedja,2025-10-16,21:56:57,-07:00,2025-10-16T21:56:57-07:00,0,48
resume/index.html,72,html,10268645,Gabriel Tedja,2025-10-16,21:54:50,-07:00,2025-10-16T21:54:50-07:00,0,0
resume/index.html,73,html,8195e1e5,Gabriel Tedja,2025-09-28,17:39:51,-07:00,2025-09-28T17:39:51-07:00,0,5
resume/index.html,74,html,36fd127c,Gabriel Tedja,2025-10-10,10:43:43,-07:00,2025-10-10T10:43:43-07:00,0,0
resume/index.html,75,html,8195e1e5,Gabriel Tedja,2025-09-28,17:39:51,-07:00,2025-09-28T17:39:51-07:00,0,5
projects/projects.js,1,js,27b05075,Gabriel Tedja,2025-10-24,16:01:15,-07:00,2025-10-24T16:01:15-07:00,0,55
projects/projects.js,2,js,1c07e220,Gabriel Tedja,2025-10-31,23:20:03,-07:00,2025-10-31T23:20:03-07:00,0,63
projects/projects.js,3,js,1c07e220,Gabriel Tedja,2025-10-31,23:20:03,-07:00,2025-10-31T23:20:03-07:00,0,0
projects/projects.js,4,js,6a633654,Gabriel Tedja,2025-10-24,16:49:38,-07:00,2025-10-24T16:49:38-07:00,0,55
projects/projects.js,5,js,9a76da44,Gabriel Tedja,2025-10-24,16:29:19,-07:00,2025-10-24T16:29:19-07:00,0,52
projects/projects.js,6,js,e5c5eb27,Gabriel Tedja,2025-10-24,20:35:38,-07:00,2025-10-24T20:35:38-07:00,0,54
projects/projects.js,7,js,e5c5eb27,Gabriel Tedja,2025-10-24,20:35:38,-07:00,2025-10-24T20:35:38-07:00,0,10
projects/projects.js,8,js,e5c5eb27,Gabriel Tedja,2025-10-24,20:35:38,-07:00,2025-10-24T20:35:38-07:00,2,48
projects/projects.js,9,js,e5c5eb27,Gabriel Tedja,2025-10-24,20:35:38,-07:00,2025-10-24T20:35:38-07:00,0,0
projects/projects.js,10,js,6a633654,Gabriel Tedja,2025-10-24,16:49:38,-07:00,2025-10-24T16:49:38-07:00,0,99
projects/projects.js,11,js,6a633654,Gabriel Tedja,2025-10-24,16:49:38,-07:00,2025-10-24T16:49:38-07:00,0,0
projects/projects.js,12,js,1c07e220,Gabriel Tedja,2025-10-31,23:20:03,-07:00,2025-10-31T23:20:03-07:00,0,56
projects/projects.js,13,js,1c07e220,Gabriel Tedja,2025-10-31,23:20:03,-07:00,2025-10-31T23:20:03-07:00,0,0
projects/projects.js,14,js,1c07e220,Gabriel Tedja,2025-10-31,23:20:03,-07:00,2025-10-31T23:20:03-07:00,0,57
projects/projects.js,15,js,1c07e220,Gabriel Tedja,2025-10-31,23:20:03,-07:00,2025-10-31T23:20:03-07:00,0,22
projects/projects.js,16,js,1c07e220,Gabriel Tedja,2025-10-31,23:20:03,-07:00,2025-10-31T23:20:03-07:00,1,12
projects/projects.js,17,js,1c07e220,Gabriel Tedja,2025-10-31,23:20:03,-07:00,2025-10-31T23:20:03-07:00,1,20
projects/projects.js,18,js,1c07e220,Gabriel Tedja,2025-10-31,23:20:03,-07:00,2025-10-31T23:20:03-07:00,0,1
projects/projects.js,19,js,1c07e220,Gabriel Tedja,2025-10-31,23:20:03,-07:00,2025-10-31T23:20:03-07:00,0,65
projects/projects.js,20,js,1c07e220,Gabriel Tedja,2025-10-31,23:20:03,-07:00,2025-10-31T23:20:03-07:00,0,0
projects/projects.js,21,js,1c07e220,Gabriel Tedja,2025-10-31,23:20:03,-07:00,2025-10-31T23:20:03-07:00,0,26
projects/projects.js,22,js,1c07e220,Gabriel Tedja,2025-10-31,23:20:03,-07:00,2025-10-31T23:20:03-07:00,1,7
projects/projects.js,23,js,1c07e220,Gabriel Tedja,2025-10-31,23:20:03,-07:00,2025-10-31T23:20:03-07:00,1,14
projects/projects.js,24,js,1c07e220,Gabriel Tedja,2025-10-31,23:20:03,-07:00,2025-10-31T23:20:03-07:00,1,12
projects/projects.js,25,js,1c07e220,Gabriel Tedja,2025-10-31,23:20:03,-07:00,2025-10-31T23:20:03-07:00,0,0
projects/projects.js,26,js,1c07e220,Gabriel Tedja,2025-10-31,23:20:03,-07:00,2025-10-31T23:20:03-07:00,0,0
projects/projects.js,27,js,1c07e220,Gabriel Tedja,2025-10-31,23:20:03,-07:00,2025-10-31T23:20:03-07:00,0,0
projects/projects.js,28,js,1c07e220,Gabriel Tedja,2025-10-31,23:20:03,-07:00,2025-10-31T23:20:03-07:00,0,44
projects/projects.js,29,js,1c07e220,Gabriel Tedja,2025-10-31,23:20:03,-07:00,2025-10-31T23:20:03-07:00,1,35
projects/projects.js,30,js,1c07e220,Gabriel Tedja,2025-10-31,23:20:03,-07:00,2025-10-31T23:20:03-07:00,0,1
projects/projects.js,31,js,1c07e220,Gabriel Tedja,2025-10-31,23:20:03,-07:00,2025-10-31T23:20:03-07:00,0,50
projects/projects.js,32,js,1c07e220,Gabriel Tedja,2025-10-31,23:20:03,-07:00,2025-10-31T23:20:03-07:00,0,0
projects/projects.js,33,js,1c07e220,Gabriel Tedja,2025-10-31,23:20:03,-07:00,2025-10-31T23:20:03-07:00,0,0
projects/projects.js,34,js,1c07e220,Gabriel Tedja,2025-10-31,23:20:03,-07:00,2025-10-31T23:20:03-07:00,0,33
projects/projects.js,35,js,1c07e220,Gabriel Tedja,2025-10-31,23:20:03,-07:00,2025-10-31T23:20:03-07:00,0,0
projects/projects.js,36,js,1c07e220,Gabriel Tedja,2025-10-31,23:20:03,-07:00,2025-10-31T23:20:03-07:00,0,0
projects/projects.js,37,js,1c07e220,Gabriel Tedja,2025-10-31,23:20:03,-07:00,2025-10-31T23:20:03-07:00,0,45
projects/projects.js,38,js,1c07e220,Gabriel Tedja,2025-10-31,23:20:03,-07:00,2025-10-31T23:20:03-07:00,0,47
projects/projects.js,39,js,1c07e220,Gabriel Tedja,2025-10-31,23:20:03,-07:00,2025-10-31T23:20:03-07:00,0,0
projects/projects.js,40,js,1c07e220,Gabriel Tedja,2025-10-31,23:20:03,-07:00,2025-10-31T23:20:03-07:00,0,26
projects/projects.js,41,js,1c07e220,Gabriel Tedja,2025-10-31,23:20:03,-07:00,2025-10-31T23:20:03-07:00,2,14
projects/projects.js,42,js,1c07e220,Gabriel Tedja,2025-10-31,23:20:03,-07:00,2025-10-31T23:20:03-07:00,3,13
projects/projects.js,43,js,1c07e220,Gabriel Tedja,2025-10-31,23:20:03,-07:00,2025-10-31T23:20:03-07:00,3,13
projects/projects.js,44,js,1c07e220,Gabriel Tedja,2025-10-31,23:20:03,-07:00,2025-10-31T23:20:03-07:00,3,97
projects/projects.js,45,js,1c07e220,Gabriel Tedja,2025-10-31,23:20:03,-07:00,2025-10-31T23:20:03-07:00,0,0
projects/projects.js,46,js,1c07e220,Gabriel Tedja,2025-10-31,23:20:03,-07:00,2025-10-31T23:20:03-07:00,0,0
projects/projects.js,47,js,1c07e220,Gabriel Tedja,2025-10-31,23:20:03,-07:00,2025-10-31T23:20:03-07:00,0,32
projects/projects.js,48,js,1c07e220,Gabriel Tedja,2025-10-31,23:20:03,-07:00,2025-10-31T23:20:03-07:00,0,24
projects/projects.js,49,js,1c07e220,Gabriel Tedja,2025-10-31,23:20:03,-07:00,2025-10-31T23:20:03-07:00,1,4
projects/projects.js,50,js,1c07e220,Gabriel Tedja,2025-10-31,23:20:03,-07:00,2025-10-31T23:20:03-07:00,2,11
projects/projects.js,51,js,1c07e220,Gabriel Tedja,2025-10-31,23:20:03,-07:00,2025-10-31T23:20:03-07:00,2,27
projects/projects.js,52,js,1c07e220,Gabriel Tedja,2025-10-31,23:20:03,-07:00,2025-10-31T23:20:03-07:00,0,100
projects/projects.js,53,js,1c07e220,Gabriel Tedja,2025-10-31,23:20:03,-07:00,2025-10-31T23:20:03-07:00,0,1
projects/projects.js,54,js,1c07e220,Gabriel Tedja,2025-10-31,23:20:03,-07:00,2025-10-31T23:20:03-07:00,0,0
projects/projects.js,55,js,1c07e220,Gabriel Tedja,2025-10-31,23:20:03,-07:00,2025-10-31T23:20:03-07:00,0,13
projects/projects.js,56,js,1c07e220,Gabriel Tedja,2025-10-31,23:20:03,-07:00,2025-10-31T23:20:03-07:00,0,53
projects/projects.js,57,js,1c07e220,Gabriel Tedja,2025-10-31,23:20:03,-07:00,2025-10-31T23:20:03-07:00,0,0
projects/projects.js,58,js,1c07e220,Gabriel Tedja,2025-10-31,23:20:03,-07:00,2025-10-31T23:20:03-07:00,0,40
projects/projects.js,59,js,1c07e220,Gabriel Tedja,2025-10-31,23:20:03,-07:00,2025-10-31T23:20:03-07:00,0,38
projects/projects.js,60,js,1c07e220,Gabriel Tedja,2025-10-31,23:20:03,-07:00,2025-10-31T23:20:03-07:00,0,0
projects/projects.js,61,js,1c07e220,Gabriel Tedja,2025-10-31,23:20:03,-07:00,2025-10-31T23:20:03-07:00,0,0
projects/projects.js,62,js,1c07e220,Gabriel Tedja,2025-10-31,23:20:03,-07:00,2025-10-31T23:20:03-07:00,1,25
projects/projects.js,63,js,1c07e220,Gabriel Tedja,2025-10-31,23:20:03,-07:00,2025-10-31T23:20:03-07:00,1,29
projects/projects.js,64,js,1c07e220,Gabriel Tedja,2025-10-31,23:20:03,-07:00,2025-10-31T23:20:03-07:00,2,12
projects/projects.js,65,js,1c07e220,Gabriel Tedja,2025-10-31,23:20:03,-07:00,2025-10-31T23:20:03-07:00,2,14
projects/projects.js,66,js,1c07e220,Gabriel Tedja,2025-10-31,23:20:03,-07:00,2025-10-31T23:20:03-07:00,2,12
projects/projects.js,67,js,1c07e220,Gabriel Tedja,2025-10-31,23:20:03,-07:00,2025-10-31T23:20:03-07:00,1,0
projects/projects.js,68,js,1c07e220,Gabriel Tedja,2025-10-31,23:20:03,-07:00,2025-10-31T23:20:03-07:00,1,18
projects/projects.js,69,js,1c07e220,Gabriel Tedja,2025-10-31,23:20:03,-07:00,2025-10-31T23:20:03-07:00,1,50
projects/projects.js,70,js,1c07e220,Gabriel Tedja,2025-10-31,23:20:03,-07:00,2025-10-31T23:20:03-07:00,2,43
projects/projects.js,71,js,1c07e220,Gabriel Tedja,2025-10-31,23:20:03,-07:00,2025-10-31T23:20:03-07:00,1,1
projects/projects.js,72,js,1c07e220,Gabriel Tedja,2025-10-31,23:20:03,-07:00,2025-10-31T23:20:03-07:00,1,50
projects/projects.js,73,js,1c07e220,Gabriel Tedja,2025-10-31,23:20:03,-07:00,2025-10-31T23:20:03-07:00,1,53
projects/projects.js,74,js,1c07e220,Gabriel Tedja,2025-10-31,23:20:03,-07:00,2025-10-31T23:20:03-07:00,1,42
projects/projects.js,75,js,1c07e220,Gabriel Tedja,2025-10-31,23:20:03,-07:00,2025-10-31T23:20:03-07:00,1,51
projects/projects.js,76,js,1c07e220,Gabriel Tedja,2025-10-31,23:20:03,-07:00,2025-10-31T23:20:03-07:00,1,33
projects/projects.js,77,js,1c07e220,Gabriel Tedja,2025-10-31,23:20:03,-07:00,2025-10-31T23:20:03-07:00,0,0
projects/projects.js,78,js,1c07e220,Gabriel Tedja,2025-10-31,23:20:03,-07:00,2025-10-31T23:20:03-07:00,2,57
projects/projects.js,79,js,1c07e220,Gabriel Tedja,2025-10-31,23:20:03,-07:00,2025-10-31T23:20:03-07:00,1,43
projects/projects.js,80,js,1c07e220,Gabriel Tedja,2025-10-31,23:20:03,-07:00,2025-10-31T23:20:03-07:00,0,0
projects/projects.js,81,js,1c07e220,Gabriel Tedja,2025-10-31,23:20:03,-07:00,2025-10-31T23:20:03-07:00,1,29
projects/projects.js,82,js,1c07e220,Gabriel Tedja,2025-10-31,23:20:03,-07:00,2025-10-31T23:20:03-07:00,2,14
projects/projects.js,83,js,1c07e220,Gabriel Tedja,2025-10-31,23:20:03,-07:00,2025-10-31T23:20:03-07:00,3,13
projects/projects.js,84,js,1c07e220,Gabriel Tedja,2025-10-31,23:20:03,-07:00,2025-10-31T23:20:03-07:00,3,13
projects/projects.js,85,js,1c07e220,Gabriel Tedja,2025-10-31,23:20:03,-07:00,2025-10-31T23:20:03-07:00,3,97
projects/projects.js,86,js,1c07e220,Gabriel Tedja,2025-10-31,23:20:03,-07:00,2025-10-31T23:20:03-07:00,0,0
projects/projects.js,87,js,1c07e220,Gabriel Tedja,2025-10-31,23:20:03,-07:00,2025-10-31T23:20:03-07:00,1,53
projects/projects.js,88,js,1c07e220,Gabriel Tedja,2025-10-31,23:20:03,-07:00,2025-10-31T23:20:03-07:00,1,35
projects/projects.js,89,js,1c07e220,Gabriel Tedja,2025-10-31,23:20:03,-07:00,2025-10-31T23:20:03-07:00,1,32
projects/projects.js,90,js,1c07e220,Gabriel Tedja,2025-10-31,23:20:03,-07:00,2025-10-31T23:20:03-07:00,0,27
projects/projects.js,91,js,1c07e220,Gabriel Tedja,2025-10-31,23:20:03,-07:00,2025-10-31T23:20:03-07:00,1,7
projects/projects.js,92,js,1c07e220,Gabriel Tedja,2025-10-31,23:20:03,-07:00,2025-10-31T23:20:03-07:00,2,11
projects/projects.js,93,js,1c07e220,Gabriel Tedja,2025-10-31,23:20:03,-07:00,2025-10-31T23:20:03-07:00,2,27
projects/projects.js,94,js,1c07e220,Gabriel Tedja,2025-10-31,23:20:03,-07:00,2025-10-31T23:20:03-07:00,0,100
projects/projects.js,95,js,1c07e220,Gabriel Tedja,2025-10-31,23:20:03,-07:00,2025-10-31T23:20:03-07:00,0,1
projects/projects.js,96,js,1c07e220,Gabriel Tedja,2025-10-31,23:20:03,-07:00,2025-10-31T23:20:03-07:00,0,0
projects/projects.js,97,js,1c07e220,Gabriel Tedja,2025-10-31,23:20:03,-07:00,2025-10-31T23:20:03-07:00,0,0
projects/projects.js,98,js,1c07e220,Gabriel Tedja,2025-10-31,23:20:03,-07:00,2025-10-31T23:20:03-07:00,0,0
projects/projects.js,99,js,1c07e220,Gabriel Tedja,2025-10-31,23:20:03,-07:00,2025-10-31T23:20:03-07:00,0,0
projects/projects.js,100,js,1c07e220,Gabriel Tedja,2025-10-31,23:20:03,-07:00,2025-10-31T23:20:03-07:00,0,23
projects/projects.js,101,js,1c07e220,Gabriel Tedja,2025-10-31,23:20:03,-07:00,2025-10-31T23:20:03-07:00,0,0
projects/projects.js,102,js,1c07e220,Gabriel Tedja,2025-10-31,23:20:03,-07:00,2025-10-31T23:20:03-07:00,0,49
projects/projects.js,103,js,1c07e220,Gabriel Tedja,2025-10-31,23:20:03,-07:00,2025-10-31T23:20:03-07:00,1,19
projects/projects.js,104,js,1c07e220,Gabriel Tedja,2025-10-31,23:20:03,-07:00,2025-10-31T23:20:03-07:00,1,25
projects/projects.js,105,js,1c07e220,Gabriel Tedja,2025-10-31,23:20:03,-07:00,2025-10-31T23:20:03-07:00,1,51
projects/projects.js,106,js,1c07e220,Gabriel Tedja,2025-10-31,23:20:03,-07:00,2025-10-31T23:20:03-07:00,1,59
projects/projects.js,107,js,1c07e220,Gabriel Tedja,2025-10-31,23:20:03,-07:00,2025-10-31T23:20:03-07:00,1,42
projects/projects.js,108,js,1c07e220,Gabriel Tedja,2025-10-31,23:20:03,-07:00,2025-10-31T23:20:03-07:00,0,1
projects/projects.js,109,js,1c07e220,Gabriel Tedja,2025-10-31,23:20:03,-07:00,2025-10-31T23:20:03-07:00,0,0
projects/projects.js,110,js,1c07e220,Gabriel Tedja,2025-10-31,23:20:03,-07:00,2025-10-31T23:20:03-07:00,1,31
projects/projects.js,111,js,1c07e220,Gabriel Tedja,2025-10-31,23:20:03,-07:00,2025-10-31T23:20:03-07:00,1,23
projects/projects.js,112,js,1c07e220,Gabriel Tedja,2025-10-31,23:20:03,-07:00,2025-10-31T23:20:03-07:00,1,64
projects/projects.js,113,js,1c07e220,Gabriel Tedja,2025-10-31,23:20:03,-07:00,2025-10-31T23:20:03-07:00,1,31
projects/projects.js,114,js,1c07e220,Gabriel Tedja,2025-10-31,23:20:03,-07:00,2025-10-31T23:20:03-07:00,0,1
projects/projects.js,115,js,1c07e220,Gabriel Tedja,2025-10-31,23:20:03,-07:00,2025-10-31T23:20:03-07:00,0,0
projects/projects.js,116,js,1c07e220,Gabriel Tedja,2025-10-31,23:20:03,-07:00,2025-10-31T23:20:03-07:00,0,0
projects/projects.js,117,js,1c07e220,Gabriel Tedja,2025-10-31,23:20:03,-07:00,2025-10-31T23:20:03-07:00,0,21
projects/projects.js,118,js,1c07e220,Gabriel Tedja,2025-10-31,23:20:03,-07:00,2025-10-31T23:20:03-07:00,0,25
projects/projects.js,119,js,1c07e220,Gabriel Tedja,2025-10-31,23:20:03,-07:00,2025-10-31T23:20:03-07:00,0,29
projects/projects.js,120,js,1c07e220,Gabriel Tedja,2025-10-31,23:20:03,-07:00,2025-10-31T23:20:03-07:00,0,24
projects/projects.js,121,js,1c07e220,Gabriel Tedja,2025-10-31,23:20:03,-07:00,2025-10-31T23:20:03-07:00,1,1
projects/projects.js,122,js,1c07e220,Gabriel Tedja,2025-10-31,23:20:03,-07:00,2025-10-31T23:20:03-07:00,2,13
projects/projects.js,123,js,1c07e220,Gabriel Tedja,2025-10-31,23:20:03,-07:00,2025-10-31T23:20:03-07:00,2,13
projects/projects.js,124,js,1c07e220,Gabriel Tedja,2025-10-31,23:20:03,-07:00,2025-10-31T23:20:03-07:00,2,22
projects/projects.js,125,js,1c07e220,Gabriel Tedja,2025-10-31,23:20:03,-07:00,2025-10-31T23:20:03-07:00,2,18
projects/projects.js,126,js,1c07e220,Gabriel Tedja,2025-10-31,23:20:03,-07:00,2025-10-31T23:20:03-07:00,3,43
projects/projects.js,127,js,1c07e220,Gabriel Tedja,2025-10-31,23:20:03,-07:00,2025-10-31T23:20:03-07:00,3,19
projects/projects.js,128,js,1c07e220,Gabriel Tedja,2025-10-31,23:20:03,-07:00,2025-10-31T23:20:03-07:00,2,70
projects/projects.js,129,js,1c07e220,Gabriel Tedja,2025-10-31,23:20:03,-07:00,2025-10-31T23:20:03-07:00,0,0
projects/projects.js,130,js,1c07e220,Gabriel Tedja,2025-10-31,23:20:03,-07:00,2025-10-31T23:20:03-07:00,2,18
projects/projects.js,131,js,1c07e220,Gabriel Tedja,2025-10-31,23:20:03,-07:00,2025-10-31T23:20:03-07:00,2,14
projects/projects.js,132,js,1c07e220,Gabriel Tedja,2025-10-31,23:20:03,-07:00,2025-10-31T23:20:03-07:00,2,91
projects/projects.js,133,js,1c07e220,Gabriel Tedja,2025-10-31,23:20:03,-07:00,2025-10-31T23:20:03-07:00,0,0
projects/projects.js,134,js,1c07e220,Gabriel Tedja,2025-10-31,23:20:03,-07:00,2025-10-31T23:20:03-07:00,2,1
projects/projects.js,135,js,1c07e220,Gabriel Tedja,2025-10-31,23:20:03,-07:00,2025-10-31T23:20:03-07:00,0,0
projects/projects.js,136,js,1c07e220,Gabriel Tedja,2025-10-31,23:20:03,-07:00,2025-10-31T23:20:03-07:00,2,25
projects/projects.js,137,js,1c07e220,Gabriel Tedja,2025-10-31,23:20:03,-07:00,2025-10-31T23:20:03-07:00,2,40
projects/projects.js,138,js,1c07e220,Gabriel Tedja,2025-10-31,23:20:03,-07:00,2025-10-31T23:20:03-07:00,2,23
projects/projects.js,139,js,1c07e220,Gabriel Tedja,2025-10-31,23:20:03,-07:00,2025-10-31T23:20:03-07:00,1,6
projects/projects.js,140,js,1c07e220,Gabriel Tedja,2025-10-31,23:20:03,-07:00,2025-10-31T23:20:03-07:00,2,41
projects/projects.js,141,js,1c07e220,Gabriel Tedja,2025-10-31,23:20:03,-07:00,2025-10-31T23:20:03-07:00,2,57
projects/projects.js,142,js,1c07e220,Gabriel Tedja,2025-10-31,23:20:03,-07:00,2025-10-31T23:20:03-07:00,2,40
projects/projects.js,143,js,1c07e220,Gabriel Tedja,2025-10-31,23:20:03,-07:00,2025-10-31T23:20:03-07:00,2,23
projects/projects.js,144,js,1c07e220,Gabriel Tedja,2025-10-31,23:20:03,-07:00,2025-10-31T23:20:03-07:00,1,0
projects/projects.js,145,js,1c07e220,Gabriel Tedja,2025-10-31,23:20:03,-07:00,2025-10-31T23:20:03-07:00,0,1
projects/index.html,1,html,ff5152fd,Gabriel Tedja,2025-09-28,16:50:45,-07:00,2025-09-28T16:50:45-07:00,0,13
projects/index.html,2,html,ff5152fd,Gabriel Tedja,2025-09-28,16:50:45,-07:00,2025-09-28T16:50:45-07:00,0,14
projects/index.html,3,html,ff5152fd,Gabriel Tedja,2025-09-28,16:50:45,-07:00,2025-09-28T16:50:45-07:00,0,4
projects/index.html,4,html,ff5152fd,Gabriel Tedja,2025-09-28,16:50:45,-07:00,2025-09-28T16:50:45-07:00,2,20
projects/index.html,5,html,ff5152fd,Gabriel Tedja,2025-09-28,16:50:45,-07:00,2025-09-28T16:50:45-07:00,2,68
projects/index.html,6,html,ff5152fd,Gabriel Tedja,2025-09-28,16:50:45,-07:00,2025-09-28T16:50:45-07:00,2,21
projects/index.html,7,html,faa7f089,Gabriel Tedja,2025-10-03,08:46:48,-07:00,2025-10-03T08:46:48-07:00,2,42
projects/index.html,8,html,ff5152fd,Gabriel Tedja,2025-09-28,16:50:45,-07:00,2025-09-28T16:50:45-07:00,0,5
projects/index.html,9,html,ff5152fd,Gabriel Tedja,2025-09-28,16:50:45,-07:00,2025-09-28T16:50:45-07:00,0,4
projects/index.html,10,html,1c07e220,Gabriel Tedja,2025-10-31,23:20:03,-07:00,2025-10-31T23:20:03-07:00,2,0
projects/index.html,11,html,379fd100,Gabriel Tedja,2025-10-16,22:06:15,-07:00,2025-10-16T22:06:15-07:00,0,0
projects/index.html,12,html,e5c5eb27,Gabriel Tedja,2025-10-24,20:35:38,-07:00,2025-10-24T20:35:38-07:00,2,38
projects/index.html,13,html,1c07e220,Gabriel Tedja,2025-10-31,23:20:03,-07:00,2025-10-31T23:20:03-07:00,2,21
projects/index.html,14,html,1c07e220,Gabriel Tedja,2025-10-31,23:20:03,-07:00,2025-10-31T23:20:03-07:00,1,52
projects/index.html,15,html,1c07e220,Gabriel Tedja,2025-10-31,23:20:03,-07:00,2025-10-31T23:20:03-07:00,0,68
projects/index.html,16,html,1c07e220,Gabriel Tedja,2025-10-31,23:20:03,-07:00,2025-10-31T23:20:03-07:00,0,4
projects/index.html,17,html,1c07e220,Gabriel Tedja,2025-10-31,23:20:03,-07:00,2025-10-31T23:20:03-07:00,1,17
projects/index.html,18,html,1c07e220,Gabriel Tedja,2025-10-31,23:20:03,-07:00,2025-10-31T23:20:03-07:00,1,3
projects/index.html,19,html,1c07e220,Gabriel Tedja,2025-10-31,23:20:03,-07:00,2025-10-31T23:20:03-07:00,0,4
projects/index.html,20,html,1c07e220,Gabriel Tedja,2025-10-31,23:20:03,-07:00,2025-10-31T23:20:03-07:00,0,4
projects/index.html,21,html,1c07e220,Gabriel Tedja,2025-10-31,23:20:03,-07:00,2025-10-31T23:20:03-07:00,1,15
projects/index.html,22,html,1c07e220,Gabriel Tedja,2025-10-31,23:20:03,-07:00,2025-10-31T23:20:03-07:00,1,11
projects/index.html,23,html,1c07e220,Gabriel Tedja,2025-10-31,23:20:03,-07:00,2025-10-31T23:20:03-07:00,1,26
projects/index.html,24,html,1c07e220,Gabriel Tedja,2025-10-31,23:20:03,-07:00,2025-10-31T23:20:03-07:00,1,31
projects/index.html,25,html,1c07e220,Gabriel Tedja,2025-10-31,23:20:03,-07:00,2025-10-31T23:20:03-07:00,0,0
projects/index.html,26,html,1c07e220,Gabriel Tedja,2025-10-31,23:20:03,-07:00,2025-10-31T23:20:03-07:00,1,0
projects/index.html,27,html,36fd127c,Gabriel Tedja,2025-10-10,10:43:43,-07:00,2025-10-10T10:43:43-07:00,1,20
projects/index.html,28,html,27b05075,Gabriel Tedja,2025-10-24,16:01:15,-07:00,2025-10-24T16:01:15-07:00,1,0
projects/index.html,29,html,36fd127c,Gabriel Tedja,2025-10-10,10:43:43,-07:00,2025-10-10T10:43:43-07:00,1,4
projects/index.html,30,html,ff5152fd,Gabriel Tedja,2025-09-28,16:50:45,-07:00,2025-09-28T16:50:45-07:00,0,0
projects/index.html,31,html,7162da24,Gabriel Tedja,2025-10-16,21:56:57,-07:00,2025-10-16T21:56:57-07:00,0,48
projects/index.html,32,html,27b05075,Gabriel Tedja,2025-10-24,16:01:15,-07:00,2025-10-24T16:01:15-07:00,0,47
projects/index.html,33,html,27b05075,Gabriel Tedja,2025-10-24,16:01:15,-07:00,2025-10-24T16:01:15-07:00,0,0
projects/index.html,34,html,10268645,Gabriel Tedja,2025-10-16,21:54:50,-07:00,2025-10-16T21:54:50-07:00,0,0
projects/index.html,35,html,e5c5eb27,Gabriel Tedja,2025-10-24,20:35:38,-07:00,2025-10-24T20:35:38-07:00,0,0
projects/index.html,36,html,ff5152fd,Gabriel Tedja,2025-09-28,16:50:45,-07:00,2025-09-28T16:50:45-07:00,0,5
projects/index.html,37,html,ff5152fd,Gabriel Tedja,2025-09-28,16:50:45,-07:00,2025-09-28T16:50:45-07:00,0,5
contact/index.html,1,html,ff5152fd,Gabriel Tedja,2025-09-28,16:50:45,-07:00,2025-09-28T16:50:45-07:00,0,13
contact/index.html,2,html,ff5152fd,Gabriel Tedja,2025-09-28,16:50:45,-07:00,2025-09-28T16:50:45-07:00,0,14
contact/index.html,3,html,ff5152fd,Gabriel Tedja,2025-09-28,16:50:45,-07:00,2025-09-28T16:50:45-07:00,0,4
contact/index.html,4,html,ff5152fd,Gabriel Tedja,2025-09-28,16:50:45,-07:00,2025-09-28T16:50:45-07:00,2,20
contact/index.html,5,html,ff5152fd,Gabriel Tedja,2025-09-28,16:50:45,-07:00,2025-09-28T16:50:45-07:00,2,68
contact/index.html,6,html,ff5152fd,Gabriel Tedja,2025-09-28,16:50:45,-07:00,2025-09-28T16:50:45-07:00,2,20
contact/index.html,7,html,faa7f089,Gabriel Tedja,2025-10-03,08:46:48,-07:00,2025-10-03T08:46:48-07:00,2,42
contact/index.html,8,html,10268645,Gabriel Tedja,2025-10-16,21:54:50,-07:00,2025-10-16T21:54:50-07:00,0,0
contact/index.html,9,html,ff5152fd,Gabriel Tedja,2025-09-28,16:50:45,-07:00,2025-09-28T16:50:45-07:00,0,5
contact/index.html,10,html,ff5152fd,Gabriel Tedja,2025-09-28,16:50:45,-07:00,2025-09-28T16:50:45-07:00,0,4
contact/index.html,11,html,928fd088,Gabriel Tedja,2025-10-17,17:34:31,-07:00,2025-10-17T17:34:31-07:00,0,0
contact/index.html,12,html,ff5152fd,Gabriel Tedja,2025-09-28,16:50:45,-07:00,2025-09-28T16:50:45-07:00,2,14
contact/index.html,13,html,36fd127c,Gabriel Tedja,2025-10-10,10:43:43,-07:00,2025-10-10T10:43:43-07:00,0,19
contact/index.html,14,html,36fd127c,Gabriel Tedja,2025-10-10,10:43:43,-07:00,2025-10-10T10:43:43-07:00,2,100
contact/index.html,15,html,36fd127c,Gabriel Tedja,2025-10-10,10:43:43,-07:00,2025-10-10T10:43:43-07:00,0,0
contact/index.html,16,html,36fd127c,Gabriel Tedja,2025-10-10,10:43:43,-07:00,2025-10-10T10:43:43-07:00,4,86
contact/index.html,17,html,36fd127c,Gabriel Tedja,2025-10-10,10:43:43,-07:00,2025-10-10T10:43:43-07:00,4,0
contact/index.html,18,html,36fd127c,Gabriel Tedja,2025-10-10,10:43:43,-07:00,2025-10-10T10:43:43-07:00,4,0
contact/index.html,19,html,36fd127c,Gabriel Tedja,2025-10-10,10:43:43,-07:00,2025-10-10T10:43:43-07:00,0,0
contact/index.html,20,html,36fd127c,Gabriel Tedja,2025-10-10,10:43:43,-07:00,2025-10-10T10:43:43-07:00,4,81
contact/index.html,21,html,36fd127c,Gabriel Tedja,2025-10-10,10:43:43,-07:00,2025-10-10T10:43:43-07:00,4,0
contact/index.html,22,html,36fd127c,Gabriel Tedja,2025-10-10,10:43:43,-07:00,2025-10-10T10:43:43-07:00,0,0
contact/index.html,23,html,36fd127c,Gabriel Tedja,2025-10-10,10:43:43,-07:00,2025-10-10T10:43:43-07:00,4,88
contact/index.html,24,html,36fd127c,Gabriel Tedja,2025-10-10,10:43:43,-07:00,2025-10-10T10:43:43-07:00,4,0
contact/index.html,25,html,36fd127c,Gabriel Tedja,2025-10-10,10:43:43,-07:00,2025-10-10T10:43:43-07:00,4,0
contact/index.html,26,html,36fd127c,Gabriel Tedja,2025-10-10,10:43:43,-07:00,2025-10-10T10:43:43-07:00,4,0
contact/index.html,27,html,36fd127c,Gabriel Tedja,2025-10-10,10:43:43,-07:00,2025-10-10T10:43:43-07:00,4,33
contact/index.html,28,html,36fd127c,Gabriel Tedja,2025-10-10,10:43:43,-07:00,2025-10-10T10:43:43-07:00,4,0
contact/index.html,29,html,31cedbd3,Gabriel Tedja,2025-09-28,17:31:39,-07:00,2025-09-28T17:31:39-07:00,2,5
contact/index.html,30,html,36fd127c,Gabriel Tedja,2025-10-10,10:43:43,-07:00,2025-10-10T10:43:43-07:00,0,4
contact/index.html,31,html,7162da24,Gabriel Tedja,2025-10-16,21:56:57,-07:00,2025-10-16T21:56:57-07:00,0,48
contact/index.html,32,html,10268645,Gabriel Tedja,2025-10-16,21:54:50,-07:00,2025-10-16T21:54:50-07:00,0,0
contact/index.html,33,html,ff5152fd,Gabriel Tedja,2025-09-28,16:50:45,-07:00,2025-09-28T16:50:45-07:00,0,5
contact/index.html,34,html,ff5152fd,Gabriel Tedja,2025-09-28,16:50:45,-07:00,2025-09-28T16:50:45-07:00,0,5
